"UID","ID_MasonryNumber","ID_Trench","ID_Context","ID_Building","ID_Room","Location_X","Location_Y","Location_Address","Location_Grid","Mesure_Facing","Mesure_MaxH","Mesure_LowestH","Mesure_Length","Measure_WidthMax","Measure_WidthMed","Measure_WidthMin","Mesure_BedMax","Mesure_HeaderMax","Mesure_StretcherMax","Mesure_BedMed","Mesure_HeaderMed","Mesure_StretcherMed","Mesure_BedMin","Mesure_HeaderMin","Mesure_StretcherMin","Material_Type","Material_Finish","Coursing_Height","Coursing_Type","Coursing_Description","Bonding_Description","Record_Notes","Harris_EqualWith","Harris_EarlierThan","Harris_ContemporaryWith","Harris_LaterThan","Harris_EqualWith_List","Harris_EarlierThan_List","Harris_ContemporaryWith_List","Harris_LaterThan_List","Samples_Single","Samples_Bulk","Samples_WorkedStonesSpecial","Samples_WorkedStonesRegular","Created_Date","Edit_LastEdit","Samples_WorkedStonesSpecial_List","Samples_WorkedStonesRegular_List"
55,1.00,,,1.00,"	",353409.18,177552.70,"353,409.18E 177,552.70N m",,,,,,0.00,,,,,,,,,,,,"SANDSTONE; BRECCIA; CARBONIFEROUS LIMESTONE","Roughly dressed, hammar dressed (Boon suggests in-situ).",,"RUBBLE; ROUGHLY SQUARED; RANDOM COURSING","Core is composed of rubble and crushed tile.","Thick conglomarate of mortar.","Foundations of the structure are noted to be laid in regualr courses of squared blocks in a herringbone pattern. These are arround 0.75m (30"") in width and 1.00m (3-4') wide. This is offset from the wall by 0.05m on either side.","7","7","7","7",,,,,0,0,"	","	",16/03/2021 00:00:00,"AdminEDIT ON 31/03/2021 10:24:32 BY Admin; ",,"5"
56,2.00,,,1.00,"
",353405.79,177554.48,"353,405.79E 177,554.48N m",,,,,,0.00,,,,,,,,,,,,"SANDSTONE; BRECCIA; CARBONIFEROUS LIMESTONE","Roughly dressed, hammar dressed (Boon suggests in-situ).",,"RUBBLE; ROUGHLY SQUARED; RANDOM COURSING","Core is composed of rubble and crushed tile.","Thick conglomarate of mortar.","Foundations of the structure are noted to be laid in regualr courses of squared blocks in a herringbone pattern. These are arround 0.75m (30"") in width and 1.00m (3-4') wide. This is offset from the wall by 0.05m on either side.","8","8","8","8",,,,,0,0,"
","
",16/03/2021 00:00:00,"EDIT ON 19/03/2021 16:01:39 BY Admin; ",,
57,3.00,,,1.00,"",353405.37,177558.63,"353,405.37E 177,558.63N m",,,,,,0.00,,,,,,,,,,,,"SANDSTONE; BRECCIA; CARBONIFEROUS LIMESTONE","Roughly dressed, hammar dressed (Boon suggests in-situ).",,"RUBBLE; ROUGHLY SQUARED; RANDOM COURSING","Core is composed of rubble and crushed tile.","Thick conglomarate of mortar.","Foundations of the structure are noted to be laid in regualr courses of squared blocks in a herringbone pattern. These are arround 0.75m (30"") in width and 1.00m (3-4') wide. This is offset from the wall by 0.05m on either side.","9","9","9","9",,,,,0,0,"","",16/03/2021 00:00:00,"EDIT ON 19/03/2021 16:01:39 BY Admin; ",,
58,4.00,,,1.00,"",353408.01,177559.59,"353,408.01E 177,559.59N m",,,,,,0.00,,,,,,,,,,,,"SANDSTONE; BRECCIA; CARBONIFEROUS LIMESTONE","Roughly dressed, hammar dressed (Boon suggests in-situ).",,"RUBBLE; ROUGHLY SQUARED; RANDOM COURSING","Core is composed of rubble and crushed tile.","Thick conglomarate of mortar.","Foundations of the structure are noted to be laid in regualr courses of squared blocks in a herringbone pattern. These are arround 0.75m (30"") in width and 1.00m (3-4') wide. This is offset from the wall by 0.05m on either side.",":",":",":",":",,,,,0,0,"","",16/03/2021 00:00:00,"EDIT ON 19/03/2021 16:01:39 BY Admin; ",,
1,5.00,,,1.00,"p",353410.68,177556.68,"Baulk in R.11

353,410.68E 177,556.68N m",,,,,,0.00,,,,,,,,,,,,"SANDSTONE; BRECCIA; CARBONIFEROUS LIMESTONE","Roughly dressed, hammar dressed (Boon suggests in-situ).",,"RUBBLE; ROUGHLY SQUARED; RANDOM COURSING","Core is composed of rubble and crushed tile.","Thick conglomarate of mortar.","Foundations of the structure are noted to be laid in regualr courses of squared blocks in a herringbone pattern. These are arround 0.75m (30"") in width and 1.00m (3-4') wide. This is offset from the wall by 0.05m on either side.","p","p","p","p",,,,,0,0,"p","p",19/03/2021 00:00:00,"EDIT ON 19/03/2021 16:01:39 BY Admin; ",,
2,6.00,,,1.00,"q",353408.86,177561.33,"353,408.86E 177,561.33N m",,,,,,0.00,,,,,,,,,,,,"SANDSTONE; BRECCIA; CARBONIFEROUS LIMESTONE","Roughly dressed, hammar dressed (Boon suggests in-situ).",,"RUBBLE; ROUGHLY SQUARED; RANDOM COURSING","Core is composed of rubble and crushed tile.","Thick conglomarate of mortar.","Foundations of the structure are noted to be laid in regualr courses of squared blocks in a herringbone pattern. These are arround 0.75m (30"") in width and 1.00m (3-4') wide. This is offset from the wall by 0.05m on either side.","q","q","q","q",,,,,0,0,"q","q",19/03/2021 00:00:00,"EDIT ON 19/03/2021 16:01:39 BY Admin; ",,
3,7.00,,,1.00,"r",353405.83,177557.87,"Baulk in R.11

353,405.83E 177,557.87N m",,,,,,0.00,,,,,,,,,,,,"SANDSTONE; BRECCIA; CARBONIFEROUS LIMESTONE","Roughly dressed, hammar dressed (Boon suggests in-situ).",,"RUBBLE; ROUGHLY SQUARED; UNEVEN COURSING","Core is composed of rubble and crushed tile.","Thinner conglomerate of mortar.","Coursing roughly brought to occassional courses. Masonry far wider and lengthyer with occassionaly large blocks.","r","r","r","r",,,,,0,0,"r","r",19/03/2021 00:00:00,"EDIT ON 19/03/2021 16:00:56 BY Admin; ",,
4,8.00,,,1.00,"s",353407.09,177557.73,"Baulk in R.11
353,407.09E 177,557.73N m",,,,,,0.00,,,,,,,,,,,,"SANDSTONE; BRECCIA; CARBONIFEROUS LIMESTONE","Roughly dressed, hammar dressed (Boon suggests in-situ).",,"RUBBLE; ROUGHLY SQUARED; UNEVEN COURSING","Core is composed of rubble and crushed tile.","Thinner conglomerate of mortar.","Coursing roughly brought to occassional courses. Masonry far wider and lengthyer with occassionaly large blocks.","s","s","s","s",,,,,0,0,"s","s",19/03/2021 00:00:00,"EDIT ON 19/03/2021 16:00:58 BY Admin; ",,
5,9.00,,,1.00,"Å",353406.90,177557.02,"Baulk in R.11
353,406.90E 177,557.02N m",,,,,,0.00,,,,,,,,,,,,"SANDSTONE; BRECCIA; CARBONIFEROUS LIMESTONE",,,"RUBBLE; ROUGHLY SQUARED; UNEVEN COURSING","Core is composed of rubble and crushed tile.","Thinner conglomerate of mortar.","Coursing roughly brought to occassional courses. Masonry far wider and lengthyer with occassionaly large blocks.","Å","Å","Å","Å",,,,,0,0,"Å","Å",19/03/2021 00:00:00,"EDIT ON 19/03/2021 16:01:00 BY Admin; ",,
6,10.00,,,1.00,"?",353406.84,177556.41,"Baulk in R.11

353,406.84E 177,556.41N m",,,,,,0.00,,,,,,,,,,,,"SANDSTONE; BRECCIA; CARBONIFEROUS LIMESTONE",,,"RUBBLE; ROUGHLY SQUARED; UNEVEN COURSING","Core is composed of rubble and crushed tile.","Thinner conglomerate of mortar.","Coursing roughly brought to occassional courses. Masonry far wider and lengthyer with occassionaly large blocks.","?","?","?","?",,,,,0,0,"?","?",19/03/2021 00:00:00,"EDIT ON 19/03/2021 16:01:00 BY Admin; ",,
7,11.00,,,1.00,"?",353406.55,177555.60,"Baulk in R.11
353,406.55E 177,555.60N m",,,,,,0.00,,,,,,,,,,,,"SANDSTONE; BRECCIA; CARBONIFEROUS LIMESTONE",,,"RUBBLE; ROUGHLY SQUARED; UNEVEN COURSING","Core is composed of rubble and crushed tile.","Thinner conglomerate of mortar.","Coursing roughly brought to occassional courses. Masonry far wider and lengthyer with occassionaly large blocks.","?","?","?","?",,,,,0,0,"?","?",19/03/2021 00:00:00,"EDIT ON 19/03/2021 16:01:09 BY Admin; ",,
8,12.00,,,1.00,"?",353406.75,177555.22,"Baulk in R.11
353,406.75E 177,555.22N m",,,,,,0.00,,,,,,,,,,,,"SANDSTONE; BRECCIA; CARBONIFEROUS LIMESTONE",,,"RUBBLE; ROUGHLY SQUARED; UNEVEN COURSING","Core is composed of rubble and crushed tile.","Thinner conglomerate of mortar.","Coursing roughly brought to occassional courses. Masonry far wider and lengthyer with occassionaly large blocks.","?","?","?","?",,,,,0,0,"?","?",19/03/2021 00:00:00,"EDIT ON 19/03/2021 16:01:09 BY Admin; ",,
9,13.00,,,1.00,"?",353407.46,177554.89,"Baulk in R.11
353,407.46E 177,554.89N m",,,,,,0.00,,,,,,,,,,,,"SANDSTONE; BRECCIA; CARBONIFEROUS LIMESTONE",,,"RUBBLE; ROUGHLY SQUARED; UNEVEN COURSING","Core is composed of rubble and crushed tile.","Thinner conglomerate of mortar.","Coursing roughly brought to occassional courses. Masonry far wider and lengthyer with occassionaly large blocks.","?","?","?","?",,,,,0,0,"?","?",19/03/2021 00:00:00,"EDIT ON 19/03/2021 16:01:09 BY Admin; ",,
10,14.00,,,1.00,"?",353407.97,177554.48,"353,407.97E 177,554.48N m",,,,,,0.00,,,,,,,,,,,,"SANDSTONE; BRECCIA; CARBONIFEROUS LIMESTONE",,,"RUBBLE; ROUGHLY SQUARED; UNEVEN COURSING","Core is composed of rubble and crushed tile.","Thinner conglomerate of mortar.","Coursing roughly brought to occassional courses. Masonry far wider and lengthyer with occassionaly large blocks.","?","?","?","?",,,,,0,0,"?","?",19/03/2021 00:00:00,"EDIT ON 19/03/2021 16:01:09 BY Admin; ",,
11,15.00,,,1.00,"?",353408.53,177553.85,"Baulk in R.11
353,408.53E 177,553.85N m",,,,,,0.00,,,,,,,,,,,,"SANDSTONE; BRECCIA; CARBONIFEROUS LIMESTONE",,,"RUBBLE; ROUGHLY SQUARED; UNEVEN COURSING","Core is composed of rubble and crushed tile.","Thinner conglomerate of mortar.","Coursing roughly brought to occassional courses. Masonry far wider and lengthyer with occassionaly large blocks.","?","?","?","?",,,,,0,0,"?","?",19/03/2021 00:00:00,"EDIT ON 19/03/2021 16:01:18 BY Admin; ",,
12,16.00,,,1.00,"?",353409.40,177556.29,"353,409.40E 177,556.29N m",,,,,,0.00,,,,,,,,,,,,"SANDSTONE; BRECCIA; CARBONIFEROUS LIMESTONE",,,"RUBBLE; ROUGHLY SQUARED; UNEVEN COURSING","Core is composed of rubble and crushed tile.","Thinner conglomerate of mortar.","Coursing roughly brought to occassional courses. Masonry far wider and lengthyer with occassionaly large blocks.","?","?","?","?",,,,,0,0,"?","?",19/03/2021 00:00:00,"EDIT ON 19/03/2021 16:01:18 BY Admin; ",,
13,17.00,,,1.00,"?",353409.11,177555.53,"353,409.11E 177,555.53N m",,,,,,0.00,,,,,,,,,,,,"SANDSTONE; BRECCIA; CARBONIFEROUS LIMESTONE",,,"RUBBLE; ROUGHLY SQUARED; UNEVEN COURSING","Core is composed of rubble and crushed tile.","Thinner conglomerate of mortar.","Coursing roughly brought to occassional courses. Masonry far wider and lengthyer with occassionaly large blocks.","?","?","?","?",,,,,0,0,"?","?",19/03/2021 00:00:00,"EDIT ON 19/03/2021 16:01:18 BY Admin; ",,
14,18.00,,,1.00,"?",353408.93,177554.90,"353,408.93E 177,554.90N m",,,,,,0.00,,,,,,,,,,,,"SANDSTONE; BRECCIA; CARBONIFEROUS LIMESTONE",,,"RUBBLE; ROUGHLY SQUARED; UNEVEN COURSING","Core is composed of rubble and crushed tile.","Thinner conglomerate of mortar.","Coursing roughly brought to occassional courses. Masonry far wider and lengthyer with occassionaly large blocks.","?","?","?","?",,,,,0,0,"?","?",19/03/2021 00:00:00,"EDIT ON 19/03/2021 16:01:18 BY Admin; ",,
15,19.00,,,1.00,"?",353408.77,177554.12,"353,408.77E 177,554.12N m",,,,,,0.00,,,,,,,,,,,,"SANDSTONE; BRECCIA; CARBONIFEROUS LIMESTONE",,,"RUBBLE; ROUGHLY SQUARED; UNEVEN COURSING","Core is composed of rubble and crushed tile.","Thinner conglomerate of mortar.","Coursing roughly brought to occassional courses. Masonry far wider and lengthyer with occassionaly large blocks.","?","?","?","?",,,,,0,0,"?","?",19/03/2021 00:00:00,"EDIT ON 19/03/2021 16:01:18 BY Admin; ",,
16,20.00,,,1.00,"ç",353410.35,177555.11,"353,410.35E 177,555.11N m",,,,,,0.00,,,,,,,,,,,,"SANDSTONE; BRECCIA; CARBONIFEROUS LIMESTONE",,,"RUBBLE; ROUGHLY SQUARED; UNEVEN COURSING","Core is composed of rubble and crushed tile.","Thinner conglomerate of mortar.","Coursing roughly brought to occassional courses. Masonry far wider and lengthyer with occassionaly large blocks.","ç","ç","ç","ç",,,,,0,0,"ç","ç",19/03/2021 00:00:00,"EDIT ON 19/03/2021 16:01:18 BY Admin; ",,
17,21.00,,,1.00,"?",353408.07,177558.78,"353,408.07E 177,558.78N m",,,,,,0.00,,,,,,,,,,,,"SANDSTONE; BRECCIA; CARBONIFEROUS LIMESTONE",,,"RUBBLE; ROUGHLY SQUARED; UNEVEN COURSING","Core is composed of rubble and crushed tile.","Thinner conglomerate of mortar.","Coursing roughly brought to occassional courses. Masonry far wider and lengthyer with occassionaly large blocks.","?","?","?","?",,,,,0,0,"?","?",19/03/2021 00:00:00,"EDIT ON 19/03/2021 16:01:18 BY Admin; ",,
18,22.00,,,1.00,"è",353409.26,177558.02,"353,409.26E 177,558.02N m",,,,,,0.00,,,,,,,,,,,,"SANDSTONE; BRECCIA; CARBONIFEROUS LIMESTONE",,,"RUBBLE; ROUGHLY SQUARED; UNEVEN COURSING","Core is composed of rubble and crushed tile.","Thinner conglomerate of mortar.","Coursing roughly brought to occassional courses. Masonry far wider and lengthyer with occassionaly large blocks.","è","è","è","è",,,,,0,0,"è","è",19/03/2021 00:00:00,"EDIT ON 19/03/2021 16:01:18 BY Admin; ",,
19,23.00,,,1.00,"ê",353409.30,177556.61,"353,409.30E 177,556.61N m",,,,,,0.00,,,,,,,,,,,,"SANDSTONE; BRECCIA; CARBONIFEROUS LIMESTONE",,,"RUBBLE; ROUGHLY SQUARED; UNEVEN COURSING","Core is composed of rubble and crushed tile.","Thinner conglomerate of mortar.","Coursing roughly brought to occassional courses. Masonry far wider and lengthyer with occassionaly large blocks.","ê","ê","ê","ê",,,,,0,0,"ê","ê",19/03/2021 00:00:00,"EDIT ON 19/03/2021 16:01:27 BY Admin; ",,
20,24.00,,,1.00,"?",353408.63,177556.99,"353,408.63E 177,556.99N m",,,,,,0.00,,,,,,,,,,,,"SANDSTONE; BRECCIA; CARBONIFEROUS LIMESTONE",,,"RUBBLE; ROUGHLY SQUARED; UNEVEN COURSING","Core is composed of rubble and crushed tile.","Thinner conglomerate of mortar.","Coursing roughly brought to occassional courses. Masonry far wider and lengthyer with occassionaly large blocks.","?","?","?","?",,,,,0,0,"?","?",19/03/2021 00:00:00,"EDIT ON 19/03/2021 16:01:27 BY Admin; ",,
21,25.00,,,1.00,"?",353408.15,177557.37,"353,408.15E 177,557.37N m",,,,,,0.00,,,,,,,,,,,,"SANDSTONE; BRECCIA; CARBONIFEROUS LIMESTONE",,,"RUBBLE; ROUGHLY SQUARED; UNEVEN COURSING","Core is composed of rubble and crushed tile.","Thinner conglomerate of mortar.","Coursing roughly brought to occassional courses. Masonry far wider and lengthyer with occassionaly large blocks.","?","?","?","?",,,,,0,0,"?","?",19/03/2021 00:00:00,"EDIT ON 19/03/2021 16:01:27 BY Admin; ",,
22,26.00,,,1.00,"?",353407.52,177557.90,"353,407.52E 177,557.90N m",,,,,,0.00,,,,,,,,,,,,"SANDSTONE; BRECCIA; CARBONIFEROUS LIMESTONE",,,"RUBBLE; ROUGHLY SQUARED; UNEVEN COURSING","Core is composed of rubble and crushed tile.","Thinner conglomerate of mortar.","Coursing roughly brought to occassional courses. Masonry far wider and lengthyer with occassionaly large blocks.","?","?","?","?",,,,,0,0,"?","?",19/03/2021 00:00:00,"EDIT ON 19/03/2021 16:01:27 BY Admin; ",,
59,27.00,,,1.00,"",353410.03,177553.70,"353,410.03E 177,553.70N m",,,,,,0.00,,,,,,,,,,,,"SANDSTONE; BRECCIA; CARBONIFEROUS LIMESTONE","Roughly dressed, hammar dressed (Boon suggests in-situ).",,"RUBBLE; ROUGHLY SQUARED; RANDOM COURSING","Core is composed of rubble and crushed tile.","Thick conglomarate of mortar.","Foundations of the structure are noted to be laid in regualr courses of squared blocks in a herringbone pattern. These are arround 0.75m (30"") in width and 1.00m (3-4') wide. This is offset from the wall by 0.05m on either side.",";",";",";",";",,,,,0,0,"","",16/03/2021 00:00:00,"EDIT ON 19/03/2021 16:00:19 BY Admin; ",,
60,28.00,,,1.00,"",353408.10,177552.86,"353,408.10E 177,552.86N m",,,,,,0.00,,,,,,,,,,,,"SANDSTONE; BRECCIA; CARBONIFEROUS LIMESTONE","Roughly dressed, hammar dressed (Boon suggests in-situ).",,"RUBBLE; ROUGHLY SQUARED; RANDOM COURSING","Core is composed of rubble and crushed tile.","Thick conglomarate of mortar.","Foundations of the structure are noted to be laid in regualr courses of squared blocks in a herringbone pattern. These are arround 0.75m (30"") in width and 1.00m (3-4') wide. This is offset from the wall by 0.05m on either side.","<","<","<","<",,,,,0,0,"","",16/03/2021 00:00:00,"EDIT ON 19/03/2021 16:00:19 BY Admin; ",,
61,29.00,,,1.00,"",353406.86,177554.03,"353,406.86E 177,554.03N m",,,,,,0.00,,,,,,,,,,,,"SANDSTONE; BRECCIA; CARBONIFEROUS LIMESTONE","Roughly dressed, hammar dressed (Boon suggests in-situ).",,"RUBBLE; ROUGHLY SQUARED; RANDOM COURSING","Core is composed of rubble and crushed tile.","Thick conglomarate of mortar.","Foundations of the structure are noted to be laid in regualr courses of squared blocks in a herringbone pattern. These are arround 0.75m (30"") in width and 1.00m (3-4') wide. This is offset from the wall by 0.05m on either side.","=","=","=","=",,,,,0,0,"","",16/03/2021 00:00:00,"EDIT ON 19/03/2021 16:03:07 BY Admin; ",,
74,30.00,,,1.00,"",353376.17,177558.65,"353,376.17E 177,558.65N m",,,,,,0.00,,,,,,,,,,,,"SANDSTONE; BRECCIA; CARBONIFEROUS LIMESTONE","Roughly dressed, hammar dressed (Boon suggests in-situ).",,"RUBBLE; ROUGHLY SQUARED; RANDOM COURSING","Core is composed of rubble and crushed tile.","Thick conglomarate of mortar.","Foundations of the structure are noted to be laid in regualr courses of squared blocks in a herringbone pattern. These are arround 0.75m (30"") in width and 1.00m (3-4') wide. This is offset from the wall by 0.05m on either side.","J","J","J","J",,,,,0,0,"","",16/03/2021 00:00:00,"EDIT ON 19/03/2021 16:03:26 BY Admin; ",,
73,31.00,,,1.00,"",353375.47,177556.93,,,,,,,0.00,,,,,,,,,,,,"SANDSTONE; BRECCIA; CARBONIFEROUS LIMESTONE","Roughly dressed, hammar dressed (Boon suggests in-situ).",,"RUBBLE; ROUGHLY SQUARED; RANDOM COURSING","Core is composed of rubble and crushed tile.","Thick conglomarate of mortar.","Foundations of the structure are noted to be laid in regualr courses of squared blocks in a herringbone pattern. These are arround 0.75m (30"") in width and 1.00m (3-4') wide. This is offset from the wall by 0.05m on either side.","I","I","I","I",,,,,0,0,"","",16/03/2021 00:00:00,"EDIT ON 19/03/2021 16:04:38 BY Admin; ",,
72,32.00,,,1.00,"-",353377.24,177555.97,"353,377.24E 177,555.97N m",,"N/A",0.87,0.97,2.26,1.01,0.66,0.60,0.11,0.14,0.40,0.11,0.12,0.22,0.11,0.12,0.10,"SANDSTONE; BRECCIA; CARBONIFEROUS LIMESTONE","Roughly dressed, hammar dressed (Boon suggests in-situ).",0.71,"RUBBLE; ROUGHLY SQUARED; BROUGHT TO COURSE","Core is composed of rubble and crushed tile.","Thick conglomarate of mortar.","Width not clear as the covered shed cuts through the centre of the wall. Measurements appear to be (when combined with the 1950 Boon plan) are 0.66m, 0.60m, 1.01m from E - W. Note that the W end is curved into the apse.

East end butts with M.036.

This would have had the entrance to R01, Boon notes it as being directly opposite the entrance between R03-R02 some 0.63m from the N/E corner of R03. No obvious evidence remains of this, however.

Arch roughly 0.76m from the E corner connects the hypocaust between R01 and R02. This consists of a corbled arch. Arch begins at 0.42m above current floor surface and angles inwards through two/three courses of blockwork before being capped with a flat lintel at 0.70m

Foundations of the structure are noted to be laid in regualr courses of squared blocks in a herringbone pattern. These are arround 0.75m (30"") in width and 1.00m (3-4') wide. This is offset from the wall by 0.05m on either side.","H","H","H","H",,,,,0,0,"-","-",16/03/2021 00:00:00,"EDIT ON 29/03/2021 16:35:33 BY Admin; ",,
65,33.00,,,1.00,"",353378.14,177557.92,"353,378.14E 177,557.92N m",,,,,,0.00,,,,,,,,,,,,"SANDSTONE; BRECCIA; CARBONIFEROUS LIMESTONE","Roughly dressed, hammar dressed (Boon suggests in-situ).",,"RUBBLE; ROUGHLY SQUARED; RANDOM COURSING","Core is composed of rubble and crushed tile.","Thick conglomarate of mortar.","Foundations of the structure are noted to be laid in regualr courses of squared blocks in a herringbone pattern. These are arround 0.75m (30"") in width and 1.00m (3-4') wide. This is offset from the wall by 0.05m on either side.","A","A","A","A",,,,,0,0,"","",16/03/2021 00:00:00,"EDIT ON 19/03/2021 16:03:12 BY Admin; ",,
70,34.00,,,1.00,"",353376.37,177554.42,"353,376.37E 177,554.42N m",,"W",1.28,0.97,2.81,0.55,0.50,0.43,0.27,0.16,0.30,0.15,0.11,0.19,0.11,0.05,0.13,"SANDSTONE; BRECCIA; CARBONIFEROUS LIMESTONE","Roughly dressed, hammar dressed (Boon suggests in-situ).",0.62,"RUBBLE; ROUGHLY SQUARED; BROUGHT TO COURSE","Core is composed of rubble and crushed tile.","Thick conglomarate of mortar.","The apse of R02. Interior face was recorded to have Tubuli plastered to inside face.

Foundations of the structure are noted to be laid in regualr courses of squared blocks in a herringbone pattern. These are arround 0.75m (30"") in width and 1.00m (3-4') wide. This is offset from the wall by 0.05m on either side.","F","F","F","F",,"38","31, 32, 35",,0,0,"","",16/03/2021 00:00:00,"AdminEDIT ON 31/03/2021 10:07:59 BY Admin; ",,
71,35.00,,,1.00,"",353378.13,177553.56,,,"N/A",1.14,0.10,1.84,0.79,0.53,0.51,0.14,0.20,0.37,0.12,0.19,0.30,0.12,0.80,0.18,"SANDSTONE; BRECCIA; CARBONIFEROUS LIMESTONE","Roughly dressed, hammar dressed (Boon suggests in-situ).",0.72,"RUBBLE; ROUGHLY SQUARED; BROUGHT TO COURSE","Core is composed of rubble and crushed tile. At c.0.500m the coursing starts to include much larger blocks.","Thick conglomarate of mortar.","Entrance to R02 from R03 appears to be some 0.61m from the N/E corner of R03. According to Boon this was filled at one point by the monolithic threashold now situated between R04-R05 listed as WS.23.

Foundations of the structure are noted to be laid in regualr courses of squared blocks in a herringbone pattern. These are arround 0.75m (30"") in width and 1.00m (3-4') wide. This is offset from the wall by 0.05m on either side.","G","G","G","G",,"37, 38","34, 36",,0,0,"","",16/03/2021 00:00:00,"AdminEDIT ON 31/03/2021 10:08:01 BY Admin; ",,
68,36.00,,,1.00,"",353379.80,177554.32,"353,379.80E 177,554.32N m",,"N/A",1.14,0.18,7.01,1.10,0.71,0.64,0.28,0.22,0.32,0.20,0.10,0.23,0.15,0.09,0.09,"SANDSTONE; BRECCIA; CARBONIFEROUS LIMESTONE","Roughly dressed, hammar dressed (Boon suggests in-situ).",0.78,"RUBBLE; ROUGHLY SQUARED; BROUGHT TO COURSE","Core is composed of rubble and crushed tile.","Thick conglomarate of mortar.","Considerably wider than that of most of the other walls, this stretches 1.14m. A small ledge between the face into the hypocaust and the mass propper of is visible measuring arround 0.25m. This may have been the floor level of the room.

Foundations of the structure are noted to be laid in regualr courses of squared blocks in a herringbone pattern. These are arround 0.75m (30"") in width and 1.00m (3-4') wide. This is offset from the wall by 0.05m on either side.","D","D","D","D",,"42, 44","32, 33, 35, 45, 46, 50",,0,0,"","",16/03/2021 00:00:00,"AdminEDIT ON 31/03/2021 10:08:03 BY Admin; ",,
40,37.00,,,1.00,"",353377.99,177552.25,,,"N/A",0.03,0.63,1.53,0.71,0.68,0.63,0.12,0.15,0.28,0.10,0.14,0.25,0.07,0.12,0.16,"SANDSTONE; BRECCIA; CARBONIFEROUS LIMESTONE","Roughly dressed, hammar dressed (Boon suggests in-situ).",,"RUBBLE; ROUGHLY SQUARED; RANDOM COURSING","Core is composed of rubble and crushed tile.","Thick conglomarate of mortar.","Wall forms the edge of a plunge pool. It appears that this has been replaced after excavation by Boon. Wall is only preserved to one course at the base of the plunge pool and is virtualy flush with the floor of R.03. 

Boon notes a small gutter that runs below this wall and out to the west.","N","N","N","N",,,"39","35",0,0,"","",16/03/2021 00:00:00,"AdminEDIT ON 31/03/2021 10:08:05 BY Admin; ",,
27,38.00,,,1.00,"?",353376.75,177551.90,"353,376.75E 177,551.90N m",,"W",0.82,0.55,1.99,0.65,0.61,0.55,0.15,0.10,0.42,0.10,0.07,0.15,0.10,0.05,0.07,"SANDSTONE; BRECCIA; CARBONIFEROUS LIMESTONE","Roughly dressed, hammar dressed (Boon suggests in-situ).",,"RUBBLE; ROUGHLY SQUARED; RANDOM COURSING","Core is composed of rubble and crushed tile.","Thick conglomarate of mortar.","Foundations of the structure are noted to be laid in regualr courses of squared blocks in a herringbone pattern. These are arround 0.75m (30"") in width and 1.00m (3-4') wide. This is offset from the wall by 0.05m on either side.","?","?","?","?",,,"39, 40","34, 35",0,0,"?","?",19/03/2021 00:00:00,"AdminEDIT ON 31/03/2021 10:08:06 BY Admin; ",,
38,39.00,,,1.00,"",353378.53,177551.37,"353,378.53E 177,551.37N m",,"N/A",0.18,0.10,2.42,0.54,0.50,0.49,0.17,0.11,0.30,0.14,0.10,0.24,0.10,0.10,0.18,"SANDSTONE; BRECCIA; CARBONIFEROUS LIMESTONE","Roughly dressed, hammar dressed (Boon suggests in-situ).",,"RUBBLE; ROUGHLY SQUARED; RANDOM COURSING","Core is composed of rubble and crushed tile.","Thick conglomarate of mortar.","Preserved to one course.

Foundations of the structure are noted to be laid in regualr courses of squared blocks in a herringbone pattern. These are arround 0.75m (30"") in width and 1.00m (3-4') wide. This is offset from the wall by 0.05m on either side.","L","L","L","L",,,"37, 38, 40",,0,0,"","",16/03/2021 00:00:00,"AdminEDIT ON 31/03/2021 10:08:08 BY Admin; ",,
75,40.00,,,1.00,"",353377.49,177549.76,"353,377.49E 177,549.76N m",,"W",0.58,0.14,2.43,0.53,0.51,0.49,0.24,0.15,0.38,0.12,0.12,0.19,0.10,0.07,0.14,"SANDSTONE; BRECCIA; CARBONIFEROUS LIMESTONE","Roughly dressed, hammar dressed (Boon suggests in-situ).",,"RUBBLE; ROUGHLY SQUARED; RANDOM COURSING","Core is composed of rubble and crushed tile.","Thick conglomarate of mortar.","Foundations of the structure are noted to be laid in regualr courses of squared blocks in a herringbone pattern. These are arround 0.75m (30"") in width and 1.00m (3-4') wide. This is offset from the wall by 0.05m on either side.","K","K","K","K",,"43","38, 39, 41",,0,0,"","",16/03/2021 00:00:00,"AdminEDIT ON 31/03/2021 10:08:09 BY Admin; ",,
39,41.00,,,1.00,"",353379.46,177549.13,"353,379.46E 177,549.13N m",,"N/A",0.58,0.13,0.76,0.52,0.51,0.49,0.24,0.15,0.24,0.12,0.12,0.19,0.10,0.07,0.14,"SANDSTONE; BRECCIA; CARBONIFEROUS LIMESTONE","Roughly dressed, hammar dressed (Boon suggests in-situ).",,"RUBBLE; ROUGHLY SQUARED; RANDOM COURSING","Core is composed of rubble and crushed tile.","Thick conglomarate of mortar.","To the E ends with the entrance to R04 from R05 and broken by WS.23. This gap is arround 0.97m wide and it is unclear if the walls between these ajoin, but it would be unusual if they didnít.

Foundations of the structure are noted to be laid in regualr courses of squared blocks in a herringbone pattern. These are arround 0.75m (30"") in width and 1.00m (3-4') wide. This is offset from the wall by 0.05m on either side.","M","M","M","M",,"43","40, 42",,0,0,"","",16/03/2021 00:00:00,"AdminEDIT ON 31/03/2021 10:24:55 BY Admin; ",,"23"
26,42.00,,,1.00,"?",353381.04,177549.76,"353,381.04E 177,549.76N m",,"N/A",0.26,0.48,0.45,0.24,0.22,0.20,0.18,0.13,0.20,0.12,0.12,0.14,0.10,0.08,0.10,"SANDSTONE; BRECCIA; CARBONIFEROUS LIMESTONE","Roughly dressed, hammar dressed (Boon suggests in-situ).",,"RUBBLE; ROUGHLY SQUARED; RANDOM COURSING","Core is composed of rubble and crushed tile.","Thick conglomarate of mortar.","To the W ends with the entrance to R04 from R05 and broken by WS.23. This gap is arround 0.97m wide and it is unclear if the walls between these ajoin, but it would be unusual if they didnít.

Foundations of the structure are noted to be laid in regualr courses of squared blocks in a herringbone pattern. These are arround 0.75m (30"") in width and 1.00m (3-4') wide. This is offset from the wall by 0.05m on either side.","?","?","?","?",,,,,0,0,"?","?",19/03/2021 00:00:00,"AdminEDIT ON 31/03/2021 10:24:56 BY Admin; ",,"23"
44,43.00,,,1.00,"",353378.27,177547.92,"353,381.80E 177,557.51N m",,"W",,,1.79,0.63,0.62,0.61,,,,,,,,,,"SANDSTONE; BRECCIA; CARBONIFEROUS LIMESTONE","Roughly dressed, hammar dressed (Boon suggests in-situ).",,"RUBBLE; ROUGHLY SQUARED; RANDOM COURSING","Core is composed of rubble and crushed tile.","Thick conglomarate of mortar.","Evidence no longer exists for this wall. Currently under the wall of the shed. Boon notes that these walls appear to have never been finished - however.

Foundations of the structure are noted to be laid in regualr courses of squared blocks in a herringbone pattern. These are arround 0.75m (30"") in width and 1.00m (3-4') wide. This is offset from the wall by 0.05m on either side.","R","R","R","R",,,"44","40, 41",0,0,"","",16/03/2021 00:00:00,"AdminEDIT ON 31/03/2021 10:08:17 BY Admin; ",,
45,44.00,,,1.00,"",353380.67,177547.63,,,"S",,,3.69,0.69,0.67,0.66,,,,,,,,,,"SANDSTONE; BRECCIA; CARBONIFEROUS LIMESTONE","Roughly dressed, hammar dressed (Boon suggests in-situ).",,"RUBBLE; ROUGHLY SQUARED; RANDOM COURSING","Core is composed of rubble and crushed tile.","Thick conglomarate of mortar.","Evidence no longer exists for this wall. Currently under the wall of the shed. Boon notes that these walls appear to have never been finished - however.

Foundations of the structure are noted to be laid in regualr courses of squared blocks in a herringbone pattern. These are arround 0.75m (30"") in width and 1.00m (3-4') wide. This is offset from the wall by 0.05m on either side.","S","S","S","S",,,"43","46",0,0,"","",16/03/2021 00:00:00,"AdminEDIT ON 31/03/2021 10:08:18 BY Admin; ",,
63,45.00,,,1.00,"",353382.17,177550.15,"353,382.17E 177,550.15N m",,,,,,0.00,,,,,,,,,,,,"SANDSTONE; BRECCIA; CARBONIFEROUS LIMESTONE","Roughly dressed, hammar dressed (Boon suggests in-situ).",,"RUBBLE; ROUGHLY SQUARED; RANDOM COURSING","Core is composed of rubble and crushed tile.","Thick conglomarate of mortar.","Foundations of the structure are noted to be laid in regualr courses of squared blocks in a herringbone pattern. These are arround 0.75m (30"") in width and 1.00m (3-4') wide. This is offset from the wall by 0.05m on either side.","?","?","?","?",,,,,0,0,"","",16/03/2021 00:00:00,"EDIT ON 19/03/2021 16:00:19 BY Admin; ",,
69,46.00,,,1.00,"",353381.83,177549.18,"353,381.83E 177,549.18N m",,"W",,,,0.00,,,,,,,,,,,,"SANDSTONE; BRECCIA; CARBONIFEROUS LIMESTONE","Roughly dressed, hammar dressed (Boon suggests in-situ).",,"RUBBLE; ROUGHLY SQUARED; RANDOM COURSING","Core is composed of rubble and crushed tile.","Thick conglomarate of mortar.","Foundations of the structure are noted to be laid in regualr courses of squared blocks in a herringbone pattern. These are arround 0.75m (30"") in width and 1.00m (3-4') wide. This is offset from the wall by 0.05m on either side.","E","E","E","E",,,,,0,0,"","",16/03/2021 00:00:00,"EDIT ON 29/03/2021 16:05:56 BY Admin; ",,
41,47.00,,,1.00,"",353385.46,177551.34,"353,385.46E 177,551.34N m",,,,,,0.00,,,,,,,,,,,,"SANDSTONE; BRECCIA; CARBONIFEROUS LIMESTONE","Roughly dressed, hammar dressed (Boon suggests in-situ).",,"RUBBLE; ROUGHLY SQUARED; RANDOM COURSING","Core is composed of rubble and crushed tile.","Thick conglomarate of mortar.","Foundations of the structure are noted to be laid in regualr courses of squared blocks in a herringbone pattern. These are arround 0.75m (30"") in width and 1.00m (3-4') wide. This is offset from the wall by 0.05m on either side.","O","O","O","O",,,,,0,0,"","",16/03/2021 00:00:00,"EDIT ON 19/03/2021 15:28:04 BY Admin; ",,
42,48.00,,,1.00,"",353386.71,177551.69,"353,386.71E 177,551.69N m",,,,,,0.00,,,,,,,,,,,,"SANDSTONE; BRECCIA; CARBONIFEROUS LIMESTONE","Roughly dressed, hammar dressed (Boon suggests in-situ).",,"RUBBLE; ROUGHLY SQUARED; RANDOM COURSING","Core is composed of rubble and crushed tile.","Thick conglomarate of mortar.","Foundations of the structure are noted to be laid in regualr courses of squared blocks in a herringbone pattern. These are arround 0.75m (30"") in width and 1.00m (3-4') wide. This is offset from the wall by 0.05m on either side.","P","P","P","P",,,,,0,0,"","",16/03/2021 00:00:00,"EDIT ON 19/03/2021 15:28:20 BY Admin; ",,
43,49.00,,,1.00,"",353385.84,177555.64,"353,385.84E 177,555.64N m",,,,,,0.00,,,,,,,,,,,,"SANDSTONE; BRECCIA; CARBONIFEROUS LIMESTONE","Roughly dressed, hammar dressed (Boon suggests in-situ).",,"RUBBLE; ROUGHLY SQUARED; RANDOM COURSING","Core is composed of rubble and crushed tile.","Thick conglomarate of mortar.","Foundations of the structure are noted to be laid in regualr courses of squared blocks in a herringbone pattern. These are arround 0.75m (30"") in width and 1.00m (3-4') wide. This is offset from the wall by 0.05m on either side.","Q","Q","Q","Q",,,,,0,0,"","",16/03/2021 00:00:00,"EDIT ON 19/03/2021 15:28:27 BY Admin; ",,
64,50.00,,,1.00,"",353381.83,177557.54,"353,386.35E 177,544.70N m",,,,,,0.00,,,,,,,,,,,,"SANDSTONE; BRECCIA; CARBONIFEROUS LIMESTONE","Roughly dressed, hammar dressed (Boon suggests in-situ).",,"RUBBLE; ROUGHLY SQUARED; RANDOM COURSING","Core is composed of rubble and crushed tile.","Thick conglomarate of mortar.","Foundations of the structure are noted to be laid in regualr courses of squared blocks in a herringbone pattern. These are arround 0.75m (30"") in width and 1.00m (3-4') wide. This is offset from the wall by 0.05m on either side.","@","@","@","@",,,,,0,0,"","",16/03/2021 00:00:00,"EDIT ON 19/03/2021 15:28:38 BY Admin; ",,
67,51.00,,,1.00,"",353386.39,177544.76,"353,386.39E 177,544.76N m",,,,,,0.00,,,,,,,,,,,,"SANDSTONE; BRECCIA; CARBONIFEROUS LIMESTONE","Roughly dressed, hammar dressed (Boon suggests in-situ).",,"RUBBLE; ROUGHLY SQUARED; RANDOM COURSING","Core is composed of rubble and crushed tile.","Thick conglomarate of mortar.","Foundations of the structure are noted to be laid in regualr courses of squared blocks in a herringbone pattern. These are arround 0.75m (30"") in width and 1.00m (3-4') wide. This is offset from the wall by 0.05m on either side.","C","C","C","C",,,,,0,0,"","",16/03/2021 00:00:00,"EDIT ON 19/03/2021 16:02:17 BY Admin; ",,
46,52.00,,,1.00,"T",353388.18,177546.96,"353,388.18E 177,546.96N m",,,,,,0.00,,,,,,,,,,,,"SANDSTONE; BRECCIA; CARBONIFEROUS LIMESTONE","Roughly dressed, hammar dressed (Boon suggests in-situ).",,"RUBBLE; ROUGHLY SQUARED; RANDOM COURSING","Core is composed of rubble and crushed tile.","Thick conglomarate of mortar.","Foundations of the structure are noted to be laid in regualr courses of squared blocks in a herringbone pattern. These are arround 0.75m (30"") in width and 1.00m (3-4') wide. This is offset from the wall by 0.05m on either side.","T","T","T","T",,,,,0,0,"T","T",17/03/2021 00:00:00,"EDIT ON 19/03/2021 15:28:56 BY Admin; ",,
47,53.00,,,1.00,"U",353387.03,177549.72,"353,387.03E 177,549.72N m",,,,,,0.00,,,,,,,,,,,,"SANDSTONE; BRECCIA; CARBONIFEROUS LIMESTONE","Roughly dressed, hammar dressed (Boon suggests in-situ).",,"RUBBLE; ROUGHLY SQUARED; RANDOM COURSING","Core is composed of rubble and crushed tile.","Thick conglomarate of mortar.","Foundations of the structure are noted to be laid in regualr courses of squared blocks in a herringbone pattern. These are arround 0.75m (30"") in width and 1.00m (3-4') wide. This is offset from the wall by 0.05m on either side.","U","U","U","U",,,,,0,0,"U","U",17/03/2021 00:00:00,"EDIT ON 19/03/2021 15:29:09 BY Admin; ",,
48,54.00,,,1.00,"V",353391.60,177549.59,"353,391.60E 177,549.59N m",,,,,,0.00,,,,,,,,,,,,"SANDSTONE; BRECCIA; CARBONIFEROUS LIMESTONE","Roughly dressed, hammar dressed (Boon suggests in-situ).",,"RUBBLE; ROUGHLY SQUARED; RANDOM COURSING","Core is composed of rubble and crushed tile.","Thick conglomarate of mortar.","Foundations of the structure are noted to be laid in regualr courses of squared blocks in a herringbone pattern. These are arround 0.75m (30"") in width and 1.00m (3-4') wide. This is offset from the wall by 0.05m on either side.","V","V","V","V",,,,,0,0,"V","V",17/03/2021 00:00:00,"EDIT ON 19/03/2021 15:29:14 BY Admin; ",,
62,55.00,,,1.00,"",353400.65,177552.67,"353,400.65E 177,552.67N m",,,,,,0.00,,,,,,,,,,,,"SANDSTONE; BRECCIA; CARBONIFEROUS LIMESTONE","Roughly dressed, hammar dressed (Boon suggests in-situ).",,"RUBBLE; ROUGHLY SQUARED; RANDOM COURSING","Core is composed of rubble and crushed tile.","Thick conglomarate of mortar.","Foundations of the structure are noted to be laid in regualr courses of squared blocks in a herringbone pattern. These are arround 0.75m (30"") in width and 1.00m (3-4') wide. This is offset from the wall by 0.05m on either side.",">",">",">",">",,,,,0,0,"","",16/03/2021 00:00:00,"EDIT ON 19/03/2021 15:12:46 BY Admin; ",,
50,56.00,,,1.00,"X",353394.82,177554.71,"353,394.82E 177,554.71N m",,,,,,0.00,,,,,,,,,,,,"SANDSTONE; BRECCIA; CARBONIFEROUS LIMESTONE","Roughly dressed, hammar dressed (Boon suggests in-situ).",,"RUBBLE; ROUGHLY SQUARED; RANDOM COURSING","Core is composed of rubble and crushed tile.","Thick conglomarate of mortar.","Foundations of the structure are noted to be laid in regualr courses of squared blocks in a herringbone pattern. These are arround 0.75m (30"") in width and 1.00m (3-4') wide. This is offset from the wall by 0.05m on either side.","X","X","X","X",,,,,0,0,"X","X",17/03/2021 00:00:00,"EDIT ON 19/03/2021 15:29:24 BY Admin; ",,
51,57.00,,,1.00,"Y",353403.73,177557.93,"353,403.73E 177,557.93N m",,,,,,0.00,,,,,,,,,,,,"SANDSTONE; BRECCIA; CARBONIFEROUS LIMESTONE","Roughly dressed, hammar dressed (Boon suggests in-situ).",,"RUBBLE; ROUGHLY SQUARED; RANDOM COURSING","Core is composed of rubble and crushed tile.","Thick conglomarate of mortar.","Foundations of the structure are noted to be laid in regualr courses of squared blocks in a herringbone pattern. These are arround 0.75m (30"") in width and 1.00m (3-4') wide. This is offset from the wall by 0.05m on either side.","Y","Y","Y","Y",,,,,0,0,"Y","Y",17/03/2021 00:00:00,"EDIT ON 19/03/2021 15:29:54 BY Admin; ",,
52,58.00,,,1.00,"Z",353402.84,177558.96,"353,402.84E 177,558.96N m",,,,,,0.00,,,,,,,,,,,,"SANDSTONE; BRECCIA; CARBONIFEROUS LIMESTONE","Roughly dressed, hammar dressed (Boon suggests in-situ).",,"RUBBLE; ROUGHLY SQUARED; RANDOM COURSING","Core is composed of rubble and crushed tile.","Thick conglomarate of mortar.","Foundations of the structure are noted to be laid in regualr courses of squared blocks in a herringbone pattern. These are arround 0.75m (30"") in width and 1.00m (3-4') wide. This is offset from the wall by 0.05m on either side.","Z","Z","Z","Z",,,,,0,0,"Z","Z",17/03/2021 00:00:00,"EDIT ON 19/03/2021 15:30:03 BY Admin; ",,
53,59.00,,,1.00,"[",353404.34,177560.69,"353,404.34E 177,560.69N m",,,,,,0.00,,,,,,,,,,,,"SANDSTONE; BRECCIA; CARBONIFEROUS LIMESTONE","Roughly dressed, hammar dressed (Boon suggests in-situ).",,"RUBBLE; ROUGHLY SQUARED; RANDOM COURSING","Core is composed of rubble and crushed tile.","Thick conglomarate of mortar.","Foundations of the structure are noted to be laid in regualr courses of squared blocks in a herringbone pattern. These are arround 0.75m (30"") in width and 1.00m (3-4') wide. This is offset from the wall by 0.05m on either side.","[","[","[","[",,,,,0,0,"[","[",17/03/2021 00:00:00,"EDIT ON 19/03/2021 15:30:10 BY Admin; ",,
54,60.00,,,1.00,"\",353407.21,177561.81,"353,407.21E 177,561.81N m",,,,,,0.00,,,,,,,,,,,,"SANDSTONE; BRECCIA; CARBONIFEROUS LIMESTONE","Roughly dressed, hammar dressed (Boon suggests in-situ).",,"RUBBLE; ROUGHLY SQUARED; RANDOM COURSING","Core is composed of rubble and crushed tile.","Thick conglomarate of mortar.","Foundations of the structure are noted to be laid in regualr courses of squared blocks in a herringbone pattern. These are arround 0.75m (30"") in width and 1.00m (3-4') wide. This is offset from the wall by 0.05m on either side.","\","\","\","\",,,,,0,0,"\","\",17/03/2021 00:00:00,"EDIT ON 19/03/2021 15:30:34 BY Admin; ",,
91,61.00,,,1.00,"]",353403.45,177566.00,"353,403.45E 177,566.00N m",,,,,,0.00,,,,,,,,,,,,"SANDSTONE; BRECCIA; CARBONIFEROUS LIMESTONE","Roughly dressed, hammar dressed (Boon suggests in-situ).",,"RUBBLE; ROUGHLY SQUARED; RANDOM COURSING","Core is composed of rubble and crushed tile.","Thick conglomarate of mortar.","Foundations of the structure are noted to be laid in regualr courses of squared blocks in a herringbone pattern. These are arround 0.75m (30"") in width and 1.00m (3-4') wide. This is offset from the wall by 0.05m on either side.","]","]","]","]",,,,,0,0,"]","]",17/03/2021 00:00:00,"EDIT ON 19/03/2021 15:30:46 BY Admin; ",,
92,62.00,,,1.00,"^",353394.10,177562.23,"353,394.10E 177,562.23N m",,,,,,0.00,,,,,,,,,,,,"SANDSTONE; BRECCIA; CARBONIFEROUS LIMESTONE","Roughly dressed, hammar dressed (Boon suggests in-situ).",,"RUBBLE; ROUGHLY SQUARED; RANDOM COURSING","Core is composed of rubble and crushed tile.","Thick conglomarate of mortar.","Foundations of the structure are noted to be laid in regualr courses of squared blocks in a herringbone pattern. These are arround 0.75m (30"") in width and 1.00m (3-4') wide. This is offset from the wall by 0.05m on either side.","^","^","^","^",,,,,0,0,"^","^",17/03/2021 00:00:00,"EDIT ON 19/03/2021 15:30:54 BY Admin; ",,
93,63.00,,,1.00,"_",353386.45,177559.35,"353,386.45E 177,559.35N m",,,,,,0.00,,,,,,,,,,,,"SANDSTONE; BRECCIA; CARBONIFEROUS LIMESTONE","Roughly dressed, hammar dressed (Boon suggests in-situ).",,"RUBBLE; ROUGHLY SQUARED; RANDOM COURSING","Core is composed of rubble and crushed tile.","Thick conglomarate of mortar.","Foundations of the structure are noted to be laid in regualr courses of squared blocks in a herringbone pattern. These are arround 0.75m (30"") in width and 1.00m (3-4') wide. This is offset from the wall by 0.05m on either side.","_","_","_","_",,,,,0,0,"_","_",17/03/2021 00:00:00,"EDIT ON 19/03/2021 15:31:05 BY Admin; ",,
23,64.00,,,1.00,"?",353383.92,177560.63,"353,383.92E 177,560.63N m",,,,,,0.00,,,,,,,,,,,,"SANDSTONE; BRECCIA; CARBONIFEROUS LIMESTONE",,,"RUBBLE; ROUGHLY SQUARED; RANDOM COURSING","Core is composed of rubble and crushed tile.","Thick conglomarate of mortar.","Foundations of the structure are noted to be laid in regualr courses of squared blocks in a herringbone pattern. These are arround 0.75m (30"") in width and 1.00m (3-4') wide. This is offset from the wall by 0.05m on either side.","?","?","?","?",,,,,0,0,"?","?",19/03/2021 00:00:00,"EDIT ON 19/03/2021 15:59:53 BY Admin; ",,
24,65.00,,,1.00,"?",353387.64,177561.28,"353,387.64E 177,561.28N m",,,,,,0.00,,,,,,,,,,,,"SANDSTONE; BRECCIA; CARBONIFEROUS LIMESTONE",,,"RUBBLE; ROUGHLY SQUARED; RANDOM COURSING","Core is composed of rubble and crushed tile.","Thick conglomarate of mortar.","Foundations of the structure are noted to be laid in regualr courses of squared blocks in a herringbone pattern. These are arround 0.75m (30"") in width and 1.00m (3-4') wide. This is offset from the wall by 0.05m on either side.","?","?","?","?",,,,,0,0,"?","?",19/03/2021 00:00:00,"EDIT ON 19/03/2021 16:00:02 BY Admin; ",,
25,66.00,,,1.00,"?",353399.57,177566.87,"353,399.57E 177,566.87N m",,,,,,0.00,,,,,,,,,,,,"SANDSTONE; BRECCIA; CARBONIFEROUS LIMESTONE",,,"RUBBLE; ROUGHLY SQUARED; RANDOM COURSING","Core is composed of rubble and crushed tile.","Thick conglomarate of mortar.","Foundations of the structure are noted to be laid in regualr courses of squared blocks in a herringbone pattern. These are arround 0.75m (30"") in width and 1.00m (3-4') wide. This is offset from the wall by 0.05m on either side.","?","?","?","?",,,,,0,0,"?","?",19/03/2021 00:00:00,"EDIT ON 19/03/2021 16:00:02 BY Admin; ",,
49,67.00,,,1.00,"W",353405.54,177569.31,"353,405.54E 177,569.31N m",,,,,,0.00,,,,,,,,,,,,"SANDSTONE; BRECCIA; CARBONIFEROUS LIMESTONE","Roughly dressed, hammar dressed (Boon suggests in-situ).",,"RUBBLE; ROUGHLY SQUARED; RANDOM COURSING","Core is composed of rubble and crushed tile.","Thick conglomarate of mortar.","Foundations of the structure are noted to be laid in regualr courses of squared blocks in a herringbone pattern. These are arround 0.75m (30"") in width and 1.00m (3-4') wide. This is offset from the wall by 0.05m on either side.","W","W","W","W",,,,,0,0,"W","W",17/03/2021 00:00:00,"EDIT ON 19/03/2021 15:31:54 BY Admin; ",,
66,68.00,,,1.00,"",353411.06,177567.52,"353,411.06E 177,567.52N m",,,,,,0.00,,,,,,,,,,,,"SANDSTONE; BRECCIA; CARBONIFEROUS LIMESTONE","Roughly dressed, hammar dressed (Boon suggests in-situ).",,"RUBBLE; ROUGHLY SQUARED; RANDOM COURSING","Core is composed of rubble and crushed tile.","Thick conglomarate of mortar.","Foundations of the structure are noted to be laid in regualr courses of squared blocks in a herringbone pattern. These are arround 0.75m (30"") in width and 1.00m (3-4') wide. This is offset from the wall by 0.05m on either side.","B","B","B","B",,,,,0,0,"","",16/03/2021 00:00:00,"EDIT ON 19/03/2021 15:32:07 BY Admin; ",,
28,69.00,,,1.00,"?",353411.73,177561.10,"353,411.73E 177,561.10N m",,,,,,0.00,,,,,,,,,,,,"SANDSTONE; BRECCIA; CARBONIFEROUS LIMESTONE",,,"RUBBLE; ROUGHLY SQUARED; RANDOM COURSING","Core is composed of rubble and crushed tile.","Thick conglomarate of mortar.","Foundations of the structure are noted to be laid in regualr courses of squared blocks in a herringbone pattern. These are arround 0.75m (30"") in width and 1.00m (3-4') wide. This is offset from the wall by 0.05m on either side.","?","?","?","?",,,,,0,0,"?","?",19/03/2021 00:00:00,"EDIT ON 19/03/2021 16:01:59 BY Admin; ",,
29,70.00,,,1.00,"?",353375.82,177557.74,"353,375.82E 177,557.74N m",,"N/A",,,,0.00,,,,,,,,,,,,"SANDSTONE; PENNANT STONE","Squared into slabs.",,,,"Dry","Piled Pilae as part of hyposcaust - No longer remains and is now under road. However, the description by Boon seems to suggest these would be the same as those in R02 (M.82-M.93).","?","?","?","?",,,,,0,0,"?","?",19/03/2021 00:00:00,"EDIT ON 29/03/2021 16:40:12 BY Admin; ",,
30,71.00,,,1.00,"?",353376.24,177557.93,"353,376.24E 177,557.93N m",,"N/A",,,,0.00,,,,,,,,,,,,"SANDSTONE; PENNANT STONE","Squared into slabs.",,,,"Dry","Piled Pilae as part of hyposcaust - No longer remains and is now under road. However, the description by Boon seems to suggest these would be the same as those in R02 (M.82-M.93).","?","?","?","?",,,,,0,0,"?","?",19/03/2021 00:00:00,"EDIT ON 29/03/2021 16:40:13 BY Admin; ",,
31,72.00,,,1.00,"ù",353376.58,177558.07,"353,376.58E 177,558.07N m",,"N/A",,,,0.00,,,,,,,,,,,,"SANDSTONE; PENNANT STONE","Squared into slabs.",,,,"Dry","Piled Pilae as part of hyposcaust - No longer remains and is now under road. However, the description by Boon seems to suggest these would be the same as those in R02 (M.82-M.93).","ù","ù","ù","ù",,,,,0,0,"ù","ù",19/03/2021 00:00:00,"EDIT ON 29/03/2021 16:40:13 BY Admin; ",,
32,73.00,,,1.00,"?",353377.00,177558.25,"353,377.00E 177,558.25N m",,"N/A",,,,0.00,,,,,,,,,,,,"SANDSTONE; PENNANT STONE","Squared into slabs.",,,,"Dry","Piled Pilae as part of hyposcaust - No longer remains and is now under road. However, the description by Boon seems to suggest these would be the same as those in R02 (M.82-M.93).","?","?","?","?",,,,,0,0,"?","?",19/03/2021 00:00:00,"EDIT ON 29/03/2021 16:40:14 BY Admin; ",,
33,74.00,,,1.00,"?",353376.03,177557.05,"353,376.03E 177,557.05N m",,"N/A",,,,0.00,,,,,,,,,,,,"SANDSTONE; PENNANT STONE","Squared into slabs.",,,,"Dry","Piled Pilae as part of hyposcaust - No longer remains and is now under road. However, the description by Boon seems to suggest these would be the same as those in R02 (M.82-M.93).","?","?","?","?",,,,,0,0,"?","?",19/03/2021 00:00:00,"EDIT ON 29/03/2021 16:40:14 BY Admin; ",,
34,75.00,,,1.00,"†",353376.36,177557.18,"353,376.36E 177,557.18N m",,"N/A",,,,0.00,,,,,,,,,,,,"SANDSTONE; PENNANT STONE","Squared into slabs.",,,,"Dry","Piled Pilae as part of hyposcaust - No longer remains and is now under road. However, the description by Boon seems to suggest these would be the same as those in R02 (M.82-M.93).","†","†","†","†",,,,,0,0,"†","†",19/03/2021 00:00:00,"EDIT ON 29/03/2021 16:40:14 BY Admin; ",,
35,76.00,,,1.00,"¢",353376.85,177557.38,"353,376.85E 177,557.38N m",,"N/A",,,,0.00,,,,,,,,,,,,"SANDSTONE; PENNANT STONE","Squared into slabs.",,,,"Dry","Piled Pilae as part of hyposcaust - No longer remains and is now under road. However, the description by Boon seems to suggest these would be the same as those in R02 (M.82-M.93).","¢","¢","¢","¢",,,,,0,0,"¢","¢",19/03/2021 00:00:00,"EDIT ON 29/03/2021 16:40:14 BY Admin; ",,
36,77.00,,,1.00,"£",353377.26,177557.54,"353,377.26E 177,557.54N m",,"N/A",,,,0.00,,,,,,,,,,,,"SANDSTONE; PENNANT STONE","Squared into slabs with some examples of circular slabs",,,,"Dry","Piled Pilae as part of hyposcaust - No longer remains and is now under road. However, the description by Boon seems to suggest these would be the same as those in R02 (M.82-M.93).","£","£","£","£",,,,,0,0,"£","£",19/03/2021 00:00:00,"EDIT ON 29/03/2021 16:40:15 BY Admin; ",,
37,78.00,,,1.00,"§",353376.32,177556.23,"353,376.32E 177,556.23N m",,"N/A",,,,0.00,,,,,,,,,,,,"SANDSTONE; PENNANT STONE","Squared into slabs with some examples of circular slabs",,,,"Dry","Piled Pilae as part of hyposcaust - No longer remains and is now under road. However, the description by Boon seems to suggest these would be the same as those in R02 (M.82-M.93).","§","§","§","§",,,,,0,0,"§","§",19/03/2021 00:00:00,"EDIT ON 29/03/2021 16:40:15 BY Admin; ",,
76,79.00,,,1.00,"•",353376.64,177556.44,"353,376.64E 177,556.44N m",,"N/A",,,,0.00,,,,,,,,,,,,"SANDSTONE; PENNANT STONE","Squared into slabs.",,,,"Dry","Piled Pilae as part of hyposcaust - No longer remains and is now under road. However, the description by Boon seems to suggest these would be the same as those in R02 (M.82-M.93).","•","•","•","•",,,,,0,0,"•","•",19/03/2021 00:00:00,"EDIT ON 29/03/2021 16:40:15 BY Admin; ",,
77,80.00,,,1.00,"¶",353377.16,177556.71,"353,377.16E 177,556.71N m",,"N/A",,,,0.00,,,,,,,,,,,,"SANDSTONE; PENNANT STONE","Squared into slabs.",,,,"Dry","Piled Pilae as part of hyposcaust - No longer remains and is now under road. However, the description by Boon seems to suggest these would be the same as those in R02 (M.82-M.93).","¶","¶","¶","¶",,,,,0,0,"¶","¶",19/03/2021 00:00:00,"EDIT ON 29/03/2021 16:40:16 BY Admin; ",,
78,81.00,,,1.00,"ß",353377.57,177556.83,"353,377.57E 177,556.83N m",,"N/A",,,,0.00,,,,,,,,,,,,"SANDSTONE; PENNANT STONE","Squared into slabs.",,,,"Dry","Piled Pilae as part of hyposcaust - No longer remains and is now under road. However, the description by Boon seems to suggest these would be the same as those in R02 (M.82-M.93).","ß","ß","ß","ß",,,,,0,0,"ß","ß",19/03/2021 00:00:00,"EDIT ON 29/03/2021 16:40:23 BY Admin; ",,
79,82.00,,,1.00,"®",353378.17,177555.69,"353,378.17E 177,555.69N m",,"N/A",0.21,,0.21,0.00,,,0.21,,0.22,,,,,,,"SANDSTONE; PENNANT STONE","Squared into slabs.",,,,"Dry","Piled Pilae as part of hyposcaust","®","®","®","®",,,,,0,0,"®","®",19/03/2021 00:00:00,"EDIT ON 29/03/2021 16:31:05 BY Admin; ",,
80,83.00,,,1.00,"©",353377.72,177555.54,"353,377.72E 177,555.54N m",,"N/A",0.20,,0.21,0.00,,,0.21,,0.19,,,,,,,"SANDSTONE; PENNANT STONE","Squared into slabs.",,,,"Dry","Piled Pilae as part of hyposcaust","©","©","©","©",,,,,0,0,"©","©",19/03/2021 00:00:00,"EDIT ON 29/03/2021 16:31:05 BY Admin; ",,
81,84.00,,,1.00,"™",353377.14,177555.32,"353,377.71E 177,555.53N m",,"N/A",0.24,,0.20,0.00,,,0.20,,0.19,,,,,,,"SANDSTONE; PENNANT STONE","Squared into slabs.",,,,"Dry","Piled Pilae as part of hyposcaust","™","™","™","™",,,,,0,0,"™","™",19/03/2021 00:00:00,"EDIT ON 29/03/2021 16:31:05 BY Admin; ",,
82,85.00,,,1.00,"´",353376.89,177554.87,"353,377.14E 177,555.32N m",,"N/A",0.15,,0.20,0.00,,,0.20,,0.17,,,,,,,"SANDSTONE; PENNANT STONE","Squared into slabs.",,,,"Dry","Piled Pilae as part of hyposcaust","´","´","´","´",,,,,0,0,"´","´",19/03/2021 00:00:00,"EDIT ON 29/03/2021 16:31:05 BY Admin; ",,
83,86.00,,,1.00,"¨",353376.99,177554.40,"353,376.89E 177,554.87N m",,"N/A",0.21,,0.19,0.00,,,0.19,,0.24,,,,,,,"SANDSTONE; PENNANT STONE","Squared into slabs.",,,,"Dry","Piled Pilae as part of hyposcaust","¨","¨","¨","¨",,,,,0,0,"¨","¨",19/03/2021 00:00:00,"EDIT ON 29/03/2021 16:31:05 BY Admin; ",,
84,87.00,,,1.00,"≠",353377.36,177554.07,"353,376.99E 177,554.40N m",,"N/A",0.20,,0.20,0.00,,,0.20,,0.21,,,,,,,"SANDSTONE; PENNANT STONE","Squared into slabs.",,,,"Dry","Piled Pilae as part of hyposcaust","≠","≠","≠","≠",,,,,0,0,"≠","≠",19/03/2021 00:00:00,"EDIT ON 29/03/2021 16:31:05 BY Admin; ",,
85,88.00,,,1.00,"Æ",353377.76,177554.05,"353,377.36E 177,554.07N m",,"N/A",0.22,,0.22,0.00,,,0.22,,0.24,,,,,,,"SANDSTONE; PENNANT STONE","Squared into slabs.",,,,"Dry","Piled Pilae as part of hyposcaust","Æ","Æ","Æ","Æ",,,,,0,0,"Æ","Æ",19/03/2021 00:00:00,"EDIT ON 29/03/2021 16:31:05 BY Admin; ",,
86,89.00,,,1.00,"Ø",353378.29,177554.26,"353,378.29E 177,554.26N m",,"N/A",0.17,,18.00,0.00,,,18.00,,17.00,,,,,,,"SANDSTONE; PENNANT STONE","Squared into slabs with some examples of circular slabs",,,,"Dry","Piled Pilae as part of hyposcaust","Ø","Ø","Ø","Ø",,,,,0,0,"Ø","Ø",19/03/2021 00:00:00,"EDIT ON 29/03/2021 16:31:05 BY Admin; ",,
87,90.00,,,1.00,"∞",353378.65,177554.41,"353,378.65E 177,554.41N m",,"N/A",0.12,,0.21,0.00,,,0.21,,0.17,,,,,,,"SANDSTONE; PENNANT STONE","Squared into slabs with some examples of circular slabs",,,,"Dry","Piled Pilae as part of hyposcaust","∞","∞","∞","∞",,,,,0,0,"∞","∞",19/03/2021 00:00:00,"EDIT ON 29/03/2021 16:31:05 BY Admin; ",,
88,91.00,,,1.00,"±",353378.42,177555.08,"353,378.42E 177,555.08N m",,"N/A",0.20,,0.20,0.00,,,0.20,,0.17,,,,,,,"SANDSTONE; PENNANT STONE","Squared into slabs.",,,,"Dry","Piled Pilae as part of hyposcaust","±","±","±","±",,,,,0,0,"±","±",19/03/2021 00:00:00,"EDIT ON 29/03/2021 16:31:05 BY Admin; ",,
89,92.00,,,1.00,"≤",353377.99,177554.84,"353,377.99E 177,554.85N m",,"N/A",0.15,,0.20,0.00,,,0.20,,0.25,,,,,,,"SANDSTONE; PENNANT STONE","Squared into slabs.",,,,"Dry","Piled Pilae as part of hyposcaust","≤","≤","≤","≤",,,,,0,0,"≤","≤",19/03/2021 00:00:00,"EDIT ON 29/03/2021 16:31:05 BY Admin; ",,
90,93.00,,,1.00,"≥",353377.53,177554.65,,,"N/A",0.20,,0.16,0.00,,,0.16,,0.19,,,,,,,"SANDSTONE; PENNANT STONE","Squared into slabs.",,,,"Dry","Piled Pilae as part of hyposcaust","≥","≥","≥","≥",,,,,0,0,"≥","≥",19/03/2021 00:00:00,"EDIT ON 29/03/2021 16:31:05 BY Admin; ",,
